{"optimizer": "<function bayesian_search at 0x7fdc6a54e730>", "aco_iterations": 0, "search_space": [], "n_runs": 1, "runs": [{"result": [[10.0, 8.721411305447536, 0.0, 9.800993948194321], 1626.0], "n_iterations": 25, "iterations": [[[5.928446182250184, 8.442657485810175, 0.8493661614465294, 8.472517387841256], 1683.0], [[6.235636967859724, 3.843817072926999, 0.2945592604790276, 0.5671297731744319], 1785.0], [[2.7265629458011325, 4.7766511732135, 0.8040470414877384, 4.799771723750574], 1777.0], [[3.9278479610082986, 8.360787635373777, 0.33402219881309575, 6.481718720511973], 1774.0], [[3.6824153984054804, 9.571551589530467, 0.13894727260851872, 8.700872583584365], 1639.0], [[4.736080452737106, 8.009107519796444, 0.5152727047556929, 6.788795301189604], 1671.0], [[7.206326547259168, 5.820197920751072, 0.5319994971545207, 7.586156243223574], 1672.0], [[1.0590760718779215, 4.7360041934665755, 0.1844690198934924, 7.369181771289583], 1648.0], [[2.165503544243719, 1.3521817340545208, 0.320899597715282, 1.496748671836832], 1983.0], [[2.223213882515877, 3.8648898112586205, 0.8935724907741108, 4.499499899112277], 1690.0], [[4.130953187368374, 6.856932750990229, 0.16139578060247375, 9.711365367529538], 1681.0], [[2.3579549961932837, 0.08265484906772606, 0.0, 9.06539661724564], 4017.0], [[2.9318569726657424, 10.0, 0.03443058898818152, 9.980929230815407], 1684.0], [[0.0, 5.446850969101252, 0.99, 8.86285005589474], 1741.0], [[10.0, 8.721411305447536, 0.0, 9.800993948194321], 1626.0], [[10.0, 8.707956251076741, 0.0, 10.0], 1742.0], [[10.0, 10.0, 0.0, 7.969647943731063], 1669.0], [[0.0, 7.06570532790534, 0.0, 8.288160891017847], 1713.0], [[10.0, 10.0, 0.0, 0.0], 1711.0], [[10.0, 10.0, 0.0, 5.478649633927388], 1748.0], [[0.0, 2.2788505485561945, 0.3535385924048032, 10.0], 2102.0], [[10.0, 2.497225816862384, 0.0, 0.0], 2075.0], [[0.24206535273336932, 9.329085249754769, 0.99, 10.0], 1642.0], [[10.0, 9.340618134170585, 0.99, 10.0], 1718.0], [[0.0, 6.282620892839207, 0.0, 10.0], 1726.0]]}]}